{
  "project_info": {
    "project_number": "907948191776",
    "firebase_url": "https://pika-eb156.firebaseio.com",
    "project_id": "pika-eb156",
    "storage_bucket": "pika-eb156.appspot.com"
  },
  "client": [
    {
      "client_info": {
        "mobilesdk_app_id": "1:907948191776:android:9ccc5ed816f3a07b",
        "android_client_info": {
          "package_name": "com.yonko.pika"
        }
      },
      "oauth_client": [
        {
          "client_id": "907948191776-ja8u83j55jpabtp0l5scr3gej3nh8rfi.apps.googleusercontent.com",
          "client_type": 1,
          "android_info": {
            "package_name": "com.yonko.pika",
            "certificate_hash": "3cc90b3ace178d0c5ef4c0f7e318e2ee64145b8e"
          }
        },
        {
          "client_id": "907948191776-tjlnskhdf5mpr631pemv6vfahva35nn8.apps.googleusercontent.com",
          "client_type": 3
        }
      ],
      "api_key": [
        {
          "current_key": "AIzaSyCc1TzJpAMaGEPVsvYJ8kJjRXTe1WOd1d8"
        }
      ],
      "services": {
        "analytics_service": {
          "status": 1
        },
        "appinvite_service": {
          "status": 2,
          "other_platform_oauth_client": [
            {
              "client_id": "907948191776-tjlnskhdf5mpr631pemv6vfahva35nn8.apps.googleusercontent.com",
              "client_type": 3
            }
          ]
        },
        "ads_service": {
          "status": 2
        }
      }
    }
  ],
  "configuration_version": "1"
}